year,region,country,co2,ghg,population,gdp
2000,Americas,Argentina,141.717,366.34,36871000.0,557000000000.0
2001,Americas,Argentina,133.311,383.27,37276000.0,525000000000.0
2002,Americas,Argentina,124.382,386.17,37682000.0,453000000000.0
2003,Americas,Argentina,134.621,408.49,38088000.0,487000000000.0
2004,Americas,Argentina,157.034,436.71,38492000.0,532000000000.0
2005,Americas,Argentina,161.425,428.51,38893000.0,584000000000.0
2006,Americas,Argentina,174.618,462.74,39290000.0,631000000000.0
2007,Americas,Argentina,174.233,465.58,39684000.0,694000000000.0
2008,Americas,Argentina,188.041,482.38,40080000.0,741000000000.0
2009,Americas,Argentina,178.86700000000002,469.51,40483000.0,692000000000.0
2010,Americas,Argentina,186.672,451.7,40896000.0,772000000000.0
2011,Americas,Argentina,190.237,460.12,41320000.0,836000000000.0
2012,Americas,Argentina,191.715,478.03,41755000.0,838000000000.0
2013,Americas,Argentina,192.275,466.52,42196000.0,847000000000.0
2014,Americas,Argentina,194.43099999999998,467.82,42638000.0,818000000000.0
2015,Americas,Argentina,199.859,470.55,43075000.0,840000000000.0
2016,Americas,Argentina,200.03900000000002,482.08,43508000.0,820000000000.0
2000,East Asia & Pacific,Australia,350.195,608.16,18991000.0,680000000000.0
2001,East Asia & Pacific,Australia,357.66900000000004,700.99,19195000.0,694000000000.0
2002,East Asia & Pacific,Australia,362.209,688.48,19401000.0,724000000000.0
2003,East Asia & Pacific,Australia,369.726,620.39,19624000.0,742000000000.0
2004,East Asia & Pacific,Australia,383.205,664.4,19880000.0,773000000000.0
2005,East Asia & Pacific,Australia,386.515,622.46,20179000.0,826000000000.0
2006,East Asia & Pacific,Australia,392.68199999999996,637.39,20526000.0,842000000000.0
2007,East Asia & Pacific,Australia,400.415,628.77,20916000.0,877000000000.0
2008,East Asia & Pacific,Australia,405.04900000000004,597.42,21332000.0,932000000000.0
2009,East Asia & Pacific,Australia,408.345,617.92,21751000.0,927000000000.0
2010,East Asia & Pacific,Australia,406.426,579.14,22155000.0,994000000000.0
2011,East Asia & Pacific,Australia,404.264,617.79,22538000.0,1030000000000.0
2012,East Asia & Pacific,Australia,406.98699999999997,617.86,22904000.0,1020000000000.0
2013,East Asia & Pacific,Australia,398.05199999999996,529.26,23255000.0,1010000000000.0
2014,East Asia & Pacific,Australia,393.289,537.95,23596000.0,1020000000000.0
2015,East Asia & Pacific,Australia,402.538,536.33,23932000.0,1050000000000.0
2016,East Asia & Pacific,Australia,413.157,519.09,24263000.0,1070000000000.0
2000,Europe & Central Asia,Austria,66.313,66.22,8069000.0,288000000000.0
2001,Europe & Central Asia,Austria,70.275,75.32,8098000.0,283000000000.0
2002,Europe & Central Asia,Austria,72.124,77.0,8134000.0,292000000000.0
2003,Europe & Central Asia,Austria,77.79899999999999,82.93,8176000.0,293000000000.0
2004,Europe & Central Asia,Austria,77.921,82.53,8217000.0,303000000000.0
2005,Europe & Central Asia,Austria,79.395,82.42,8254000.0,312000000000.0
2006,Europe & Central Asia,Austria,77.061,82.82,8285000.0,325000000000.0
2007,Europe & Central Asia,Austria,74.469,80.37,8314000.0,337000000000.0
2008,Europe & Central Asia,Austria,73.727,80.16,8342000.0,342000000000.0
2009,Europe & Central Asia,Austria,67.72399999999999,72.87,8373000.0,336000000000.0
2010,Europe & Central Asia,Austria,72.22800000000001,78.38,8410000.0,341000000000.0
2011,Europe & Central Asia,Austria,70.143,75.85,8454000.0,350000000000.0
2012,Europe & Central Asia,Austria,67.577,73.2,8502000.0,365000000000.0
2013,Europe & Central Asia,Austria,68.161,73.79,8556000.0,368000000000.0
2014,Europe & Central Asia,Austria,64.467,70.16,8615000.0,386000000000.0
2015,Europe & Central Asia,Austria,66.733,71.49,8679000.0,389000000000.0
2016,Europe & Central Asia,Austria,67.315,71.85,8747000.0,395000000000.0
2000,Europe & Central Asia,Belarus,55.463,66.68,9872000.0,86161956864.0
2001,Europe & Central Asia,Belarus,55.56399999999999,58.02,9811000.0,83450003456.0
2002,Europe & Central Asia,Belarus,55.681999999999995,64.65,9746000.0,85045567488.0
2003,Europe & Central Asia,Belarus,57.118,60.28,9679000.0,89551101952.0
2004,Europe & Central Asia,Belarus,60.773,61.44,9617000.0,96194560000.0
2005,Europe & Central Asia,Belarus,62.056000000000004,62.51,9562000.0,101000000000.0
2006,Europe & Central Asia,Belarus,64.868,58.37,9517000.0,113000000000.0
2007,Europe & Central Asia,Belarus,64.271,55.54,9481000.0,124000000000.0
2008,Europe & Central Asia,Belarus,66.417,59.68,9453000.0,144000000000.0
2009,Europe & Central Asia,Belarus,61.961999999999996,57.12,9433000.0,141000000000.0
2010,Europe & Central Asia,Belarus,63.883,61.38,9421000.0,155000000000.0
2011,Europe & Central Asia,Belarus,62.823,84.51,9415000.0,173000000000.0
2012,Europe & Central Asia,Belarus,63.707,88.33,9417000.0,179000000000.0
2013,Europe & Central Asia,Belarus,64.462,87.04,9424000.0,188000000000.0
2014,Europe & Central Asia,Belarus,63.794,88.04,9432000.0,193000000000.0
2015,Europe & Central Asia,Belarus,59.291000000000004,84.2,9439000.0,185000000000.0
2016,Europe & Central Asia,Belarus,60.942,80.7,9446000.0,180000000000.0
2000,Europe & Central Asia,Belgium,126.76899999999999,134.84,10282000.0,343000000000.0
2001,Europe & Central Asia,Belgium,126.12,135.09,10319000.0,343000000000.0
2002,Europe & Central Asia,Belgium,126.305,127.83,10365000.0,358000000000.0
2003,Europe & Central Asia,Belgium,127.806,131.3,10419000.0,356000000000.0
2004,Europe & Central Asia,Belgium,128.83,129.95,10480000.0,361000000000.0
2005,Europe & Central Asia,Belgium,125.52,125.9,10547000.0,370000000000.0
2006,Europe & Central Asia,Belgium,123.833,123.68,10619000.0,370000000000.0
2007,Europe & Central Asia,Belgium,120.445,119.45,10698000.0,382000000000.0
2008,Europe & Central Asia,Belgium,120.352,121.29,10779000.0,392000000000.0
2009,Europe & Central Asia,Belgium,107.699,114.36,10860000.0,402000000000.0
2010,Europe & Central Asia,Belgium,113.814,121.56,10939000.0,420000000000.0
2011,Europe & Central Asia,Belgium,104.319,109.55,11014000.0,419000000000.0
2012,Europe & Central Asia,Belgium,101.515,108.86,11085000.0,430000000000.0
2013,Europe & Central Asia,Belgium,101.579,109.67,11154000.0,438000000000.0
2014,Europe & Central Asia,Belgium,95.906,103.62,11221000.0,437000000000.0
2015,Europe & Central Asia,Belgium,99.75299999999999,108.55,11288000.0,443000000000.0
2016,Europe & Central Asia,Belgium,98.42200000000001,107.35,11354000.0,448000000000.0
2000,Americas,Brazil,324.226,1646.96,174790000.0,1470000000000.0
2001,Americas,Brazil,332.98699999999997,1899.73,177196000.0,1460000000000.0
2002,Americas,Brazil,327.435,1945.01,179538000.0,1480000000000.0
2003,Americas,Brazil,317.508,1958.83,181808992.0,1480000000000.0
2004,Americas,Brazil,333.675,2005.24,184006000.0,1560000000000.0
2005,Americas,Brazil,342.086,2015.48,186127008.0,1630000000000.0
2006,Americas,Brazil,341.94599999999997,1420.95,188167008.0,1770000000000.0
2007,Americas,Brazil,356.91900000000004,1466.13,190130000.0,1970000000000.0
2008,Americas,Brazil,380.345,1454.36,192030000.0,2210000000000.0
2009,Americas,Brazil,360.091,1433.19,193887008.0,2300000000000.0
2010,Americas,Brazil,411.24,1540.26,195714000.0,2660000000000.0
2011,Americas,Brazil,429.959,1307.81,197515008.0,2970000000000.0
2012,Americas,Brazil,460.098,1353.14,199287008.0,2960000000000.0
2013,Americas,Brazil,495.04699999999997,1368.38,201036000.0,3040000000000.0
2014,Americas,Brazil,523.894,1413.43,202764000.0,3040000000000.0
2015,Americas,Brazil,495.214,1409.94,204472000.0,3180000000000.0
2016,Americas,Brazil,454.195,1379.38,206163008.0,2810000000000.0
2000,Europe & Central Asia,Bulgaria,45.211000000000006,46.38,7998000.0,68578938880.0
2001,Europe & Central Asia,Bulgaria,48.923,46.64,7931000.0,71572488192.0
2002,Europe & Central Asia,Bulgaria,46.167,43.61,7866000.0,75092246528.0
2003,Europe & Central Asia,Bulgaria,50.416000000000004,48.42,7804000.0,76743450624.0
2004,Europe & Central Asia,Bulgaria,49.507,47.14,7745000.0,80431669248.0
2005,Europe & Central Asia,Bulgaria,50.591,47.22,7687000.0,84497326080.0
2006,Europe & Central Asia,Bulgaria,51.826,51.14,7631000.0,92283183104.0
2007,Europe & Central Asia,Bulgaria,55.637,55.52,7577000.0,103000000000.0
2008,Europe & Central Asia,Bulgaria,53.974,53.01,7524000.0,110000000000.0
2009,Europe & Central Asia,Bulgaria,45.706,45.61,7474000.0,110000000000.0
2010,Europe & Central Asia,Bulgaria,47.794,47.27,7425000.0,111000000000.0
2011,Europe & Central Asia,Bulgaria,53.118,53.1,7379000.0,111000000000.0
2012,Europe & Central Asia,Bulgaria,48.269,47.34,7334000.0,115000000000.0
2013,Europe & Central Asia,Bulgaria,42.566,42.31,7290000.0,116000000000.0
2014,Europe & Central Asia,Bulgaria,45.09,44.78,7246000.0,120000000000.0
2015,Europe & Central Asia,Bulgaria,48.095,47.26,7200000.0,124000000000.0
2016,Europe & Central Asia,Bulgaria,45.258,44.07,7152000.0,128000000000.0
2000,Americas,Canada,571.507,731.3,30588000.0,1150000000000.0
2001,Americas,Canada,564.231,903.03,30880000.0,1150000000000.0
2002,Americas,Canada,570.552,981.57,31178000.0,1170000000000.0
2003,Americas,Canada,587.492,1001.57,31488000.0,1210000000000.0
2004,Americas,Canada,586.469,961.05,31815000.0,1260000000000.0
2005,Americas,Canada,576.859,971.7,32164000.0,1330000000000.0
2006,Americas,Canada,570.811,882.12,32537000.0,1360000000000.0
2007,Americas,Canada,594.732,894.32,32931000.0,1400000000000.0
2008,Americas,Canada,575.4540000000001,877.95,33338000.0,1460000000000.0
2009,Americas,Canada,543.068,800.9,33746000.0,1320000000000.0
2010,Americas,Canada,556.42,884.34,34148000.0,1390000000000.0
2011,Americas,Canada,566.674,756.74,34539000.0,1460000000000.0
2012,Americas,Canada,570.158,791.74,34922000.0,1450000000000.0
2013,Americas,Canada,577.346,857.34,35297000.0,1480000000000.0
2014,Americas,Canada,577.36,819.39,35664000.0,1530000000000.0
2015,Americas,Canada,576.757,861.77,36027000.0,1540000000000.0
2016,Americas,Canada,564.068,779.27,36383000.0,1570000000000.0
2000,Americas,Chile,58.114,59.24,15342000.0,167000000000.0
2001,Americas,Chile,52.576,62.76,15516000.0,167000000000.0
2002,Americas,Chile,54.49,63.71,15684000.0,168000000000.0
2003,Americas,Chile,54.88399999999999,64.63,15850000.0,177000000000.0
2004,Americas,Chile,59.047,70.0,16015000.0,194000000000.0
2005,Americas,Chile,60.946999999999996,70.88,16183000.0,215000000000.0
2006,Americas,Chile,63.972,71.46,16355000.0,253000000000.0
2007,Americas,Chile,70.707,79.86,16530000.0,271000000000.0
2008,Americas,Chile,70.819,84.53,16708000.0,264000000000.0
2009,Americas,Chile,65.92,81.79,16886000.0,269000000000.0
2010,Americas,Chile,71.33,86.46,17063000.0,309000000000.0
2011,Americas,Chile,78.084,-4.72,17234000.0,340000000000.0
2012,Americas,Chile,79.704,-2.62,17400000.0,361000000000.0
2013,Americas,Chile,81.692,0.28,17572000.0,367000000000.0
2014,Americas,Chile,77.415,-5.68,17759000.0,376000000000.0
2015,Americas,Chile,81.626,0.57,17969000.0,385000000000.0
2016,Americas,Chile,84.14299999999999,3.74,18209000.0,391000000000.0
2000,Americas,Colombia,56.25899999999999,286.06,39630000.0,267000000000.0
2001,Americas,Colombia,55.93899999999999,309.04,40256000.0,269000000000.0
2002,Americas,Colombia,55.43,308.21,40875000.0,273000000000.0
2003,Americas,Colombia,57.093999999999994,317.93,41484000.0,282000000000.0
2004,Americas,Colombia,54.568999999999996,319.58,42076000.0,296000000000.0
2005,Americas,Colombia,60.06,316.15,42648000.0,318000000000.0
2006,Americas,Colombia,62.005,310.83,43201000.0,349000000000.0
2007,Americas,Colombia,61.406000000000006,318.81,43738000.0,384000000000.0
2008,Americas,Colombia,67.262,317.54,44255000.0,419000000000.0
2009,Americas,Colombia,72.557,321.64,44750000.0,428000000000.0
2010,Americas,Colombia,76.278,325.72,45223000.0,467000000000.0
2011,Americas,Colombia,76.08,183.9,45663000.0,524000000000.0
2012,Americas,Colombia,79.727,182.28,46076000.0,543000000000.0
2013,Americas,Colombia,91.84299999999999,192.09,46495000.0,559000000000.0
2014,Americas,Colombia,85.71600000000001,200.85,46968000.0,581000000000.0
2015,Americas,Colombia,93.084,199.71,47521000.0,599000000000.0
2016,Americas,Colombia,96.83200000000001,232.0,48175000.0,610000000000.0
2000,Europe & Central Asia,Croatia,19.699,13.76,4428000.0,62891139072.0
2001,Europe & Central Asia,Croatia,20.816999999999997,14.55,4408000.0,63642439680.0
2002,Europe & Central Asia,Croatia,21.925,15.54,4396000.0,66150264832.0
2003,Europe & Central Asia,Croatia,23.278000000000002,16.6,4389000.0,68902117376.0
2004,Europe & Central Asia,Croatia,22.925,16.35,4384000.0,71095967744.0
2005,Europe & Central Asia,Croatia,23.384,16.22,4378000.0,73977069568.0
2006,Europe & Central Asia,Croatia,23.603,19.02,4371000.0,77424394240.0
2007,Europe & Central Asia,Croatia,24.919,20.59,4362000.0,85629665280.0
2008,Europe & Central Asia,Croatia,23.66,19.73,4353000.0,90480205824.0
2009,Europe & Central Asia,Croatia,21.849,17.18,4341000.0,87007707136.0
2010,Europe & Central Asia,Croatia,21.064,16.54,4328000.0,83865575424.0
2011,Europe & Central Asia,Croatia,20.699,22.13,4313000.0,87256449024.0
2012,Europe & Central Asia,Croatia,19.116,20.1,4296000.0,90095968256.0
2013,Europe & Central Asia,Croatia,18.455,19.0,4277000.0,88068751360.0
2014,Europe & Central Asia,Croatia,17.708,18.26,4256000.0,89170362368.0
2015,Europe & Central Asia,Croatia,17.840999999999998,18.85,4233000.0,90623172608.0
2016,Europe & Central Asia,Croatia,18.083,18.94,4209000.0,93290250240.0
2000,Europe & Central Asia,Cyprus,7.127000000000001,8.03,943000.0,20776794112.0
2001,Europe & Central Asia,Cyprus,7.002000000000001,7.92,960000.0,21458608128.0
2002,Europe & Central Asia,Cyprus,7.193,8.09,977000.0,21256992768.0
2003,Europe & Central Asia,Cyprus,7.585,8.78,994000.0,19989295104.0
2004,Europe & Central Asia,Cyprus,7.815,8.74,1010000.0,20515725312.0
2005,Europe & Central Asia,Cyprus,8.003,8.84,1028000.0,21763364864.0
2006,Europe & Central Asia,Cyprus,8.195,8.71,1046000.0,22869377024.0
2007,Europe & Central Asia,Cyprus,8.511000000000001,9.02,1064000.0,23958491136.0
2008,Europe & Central Asia,Cyprus,8.676,9.26,1082000.0,26921664512.0
2009,Europe & Central Asia,Cyprus,8.427,9.05,1098000.0,28517449728.0
2010,Europe & Central Asia,Cyprus,8.062999999999999,8.79,1113000.0,28750800896.0
2011,Europe & Central Asia,Cyprus,7.749,8.58,1125000.0,27271999488.0
2012,Europe & Central Asia,Cyprus,7.2170000000000005,8.05,1135000.0,27581609984.0
2013,Europe & Central Asia,Cyprus,6.537999999999999,7.37,1144000.0,26033086464.0
2014,Europe & Central Asia,Cyprus,6.921,7.8,1152000.0,25381662720.0
2015,Europe & Central Asia,Cyprus,6.946000000000001,7.84,1161000.0,25799387136.0
2016,Europe & Central Asia,Cyprus,7.352,8.26,1170000.0,26539999232.0
2000,Europe & Central Asia,Czech Republic,127.06,131.52,10289000.0,202000000000.0
2001,Europe & Central Asia,Czech Republic,126.95200000000001,131.52,10271000.0,213000000000.0
2002,Europe & Central Asia,Czech Republic,123.889,125.87,10252000.0,214000000000.0
2003,Europe & Central Asia,Czech Republic,127.376,130.25,10239000.0,220000000000.0
2004,Europe & Central Asia,Czech Republic,128.11,130.77,10239000.0,228000000000.0
2005,Europe & Central Asia,Czech Republic,125.671,127.75,10258000.0,237000000000.0
2006,Europe & Central Asia,Czech Republic,126.447,134.24,10299000.0,249000000000.0
2007,Europe & Central Asia,Czech Republic,128.261,137.19,10358000.0,274000000000.0
2008,Europe & Central Asia,Czech Republic,122.97399999999999,132.2,10425000.0,268000000000.0
2009,Europe & Central Asia,Czech Republic,115.22399999999999,124.47,10488000.0,269000000000.0
2010,Europe & Central Asia,Czech Republic,117.46,127.69,10537000.0,268000000000.0
2011,Europe & Central Asia,Czech Republic,115.005,119.39,10567000.0,280000000000.0
2012,Europe & Central Asia,Czech Republic,110.905,116.05,10581000.0,282000000000.0
2013,Europe & Central Asia,Czech Republic,106.37700000000001,110.74,10587000.0,290000000000.0
2014,Europe & Central Asia,Czech Republic,104.015,108.04,10591000.0,306000000000.0
2015,Europe & Central Asia,Czech Republic,104.786,109.9,10601000.0,320000000000.0
2016,Europe & Central Asia,Czech Republic,106.59899999999999,111.77,10619000.0,328000000000.0
2000,Europe & Central Asia,Denmark,54.278999999999996,68.49,5341000.0,192000000000.0
2001,Europe & Central Asia,Denmark,55.867,70.86,5358000.0,192000000000.0
2002,Europe & Central Asia,Denmark,55.53,70.31,5373000.0,196000000000.0
2003,Europe & Central Asia,Denmark,60.615,76.09,5387000.0,192000000000.0
2004,Europe & Central Asia,Denmark,55.068999999999996,69.64,5403000.0,201000000000.0
2005,Europe & Central Asia,Denmark,51.498000000000005,65.83,5422000.0,206000000000.0
2006,Europe & Central Asia,Denmark,59.418,72.86,5444000.0,217000000000.0
2007,Europe & Central Asia,Denmark,54.644,68.03,5470000.0,222000000000.0
2008,Europe & Central Asia,Denmark,51.231,64.62,5498000.0,228000000000.0
2009,Europe & Central Asia,Denmark,48.836999999999996,61.73,5526000.0,224000000000.0
2010,Europe & Central Asia,Denmark,49.169,62.23,5555000.0,236000000000.0
2011,Europe & Central Asia,Denmark,44.211000000000006,55.45,5583000.0,243000000000.0
2012,Europe & Central Asia,Denmark,39.836,50.07,5611000.0,244000000000.0
2013,Europe & Central Asia,Denmark,41.733999999999995,51.59,5638000.0,249000000000.0
2014,Europe & Central Asia,Denmark,37.535,47.33,5664000.0,251000000000.0
2015,Europe & Central Asia,Denmark,35.204,45.05,5689000.0,255000000000.0
2016,Europe & Central Asia,Denmark,37.019,46.66,5711000.0,259000000000.0
2000,Europe & Central Asia,Estonia,15.36,13.55,1399000.0,16247595008.0
2001,Europe & Central Asia,Estonia,15.706,21.37,1392000.0,17008637952.0
2002,Europe & Central Asia,Estonia,15.231,21.33,1383000.0,18237091840.0
2003,Europe & Central Asia,Estonia,17.085,23.01,1373000.0,19056140288.0
2004,Europe & Central Asia,Estonia,17.284000000000002,23.08,1364000.0,20073240576.0
2005,Europe & Central Asia,Estonia,17.132,23.19,1356000.0,22335879168.0
2006,Europe & Central Asia,Estonia,16.435,16.6,1349000.0,24778964992.0
2007,Europe & Central Asia,Estonia,20.067,20.35,1344000.0,27692089344.0
2008,Europe & Central Asia,Estonia,17.871,18.9,1340000.0,27294081024.0
2009,Europe & Central Asia,Estonia,14.61,15.47,1336000.0,25280647168.0
2010,Europe & Central Asia,Estonia,19.016,19.5,1332000.0,25912016896.0
2011,Europe & Central Asia,Estonia,19.098,21.77,1328000.0,28530108416.0
2012,Europe & Central Asia,Estonia,17.936,20.63,1323000.0,30716508160.0
2013,Europe & Central Asia,Estonia,19.698,23.04,1319000.0,31826479104.0
2014,Europe & Central Asia,Estonia,18.904,21.66,1316000.0,32669839360.0
2015,Europe & Central Asia,Estonia,15.890999999999998,19.18,1315000.0,33140150272.0
2016,Europe & Central Asia,Estonia,17.477,20.38,1317000.0,33684649984.0
2000,Europe & Central Asia,Finland,57.038000000000004,44.09,5188000.0,171000000000.0
2001,Europe & Central Asia,Finland,62.536,58.68,5200000.0,173000000000.0
2002,Europe & Central Asia,Finland,65.06,61.06,5213000.0,175000000000.0
2003,Europe & Central Asia,Finland,72.658,69.28,5227000.0,174000000000.0
2004,Europe & Central Asia,Finland,68.961,65.3,5242000.0,183000000000.0
2005,Europe & Central Asia,Finland,57.043,53.06,5259000.0,188000000000.0
2006,Europe & Central Asia,Finland,68.384,60.38,5277000.0,195000000000.0
2007,Europe & Central Asia,Finland,66.76,58.39,5298000.0,210000000000.0
2008,Europe & Central Asia,Finland,58.611999999999995,50.29,5319000.0,214000000000.0
2009,Europe & Central Asia,Finland,55.923,46.69,5342000.0,202000000000.0
2010,Europe & Central Asia,Finland,64.097,54.75,5366000.0,204000000000.0
2011,Europe & Central Asia,Finland,56.57899999999999,72.7,5390000.0,207000000000.0
2012,Europe & Central Asia,Finland,51.222,66.87,5415000.0,210000000000.0
2013,Europe & Central Asia,Finland,51.757,67.44,5439000.0,206000000000.0
2014,Europe & Central Asia,Finland,47.657,63.37,5461000.0,207000000000.0
2015,Europe & Central Asia,Finland,44.123999999999995,60.15,5481000.0,208000000000.0
2016,Europe & Central Asia,Finland,47.24100000000001,63.16,5498000.0,211000000000.0
2000,Europe & Central Asia,France,416.07,474.74,59015000.0,1930000000000.0
2001,Europe & Central Asia,France,420.72,425.19,59384000.0,2010000000000.0
2002,Europe & Central Asia,France,415.93199999999996,417.55,59803000.0,2050000000000.0
2003,Europe & Central Asia,France,422.63300000000004,422.77,60252000.0,1960000000000.0
2004,Europe & Central Asia,France,423.71,419.89,60698000.0,2020000000000.0
2005,Europe & Central Asia,France,427.036,420.5,61120000.0,2110000000000.0
2006,Europe & Central Asia,France,416.07300000000004,434.96,61509000.0,2170000000000.0
2007,Europe & Central Asia,France,405.57099999999997,428.16,61869000.0,2290000000000.0
2008,Europe & Central Asia,France,399.277,422.46,62209000.0,2300000000000.0
2009,Europe & Central Asia,France,382.166,405.18,62543000.0,2280000000000.0
2010,Europe & Central Asia,France,389.834,409.04,62880000.0,2330000000000.0
2011,Europe & Central Asia,France,365.23400000000004,353.48,63222000.0,2390000000000.0
2012,Europe & Central Asia,France,365.845,356.76,63564000.0,2410000000000.0
2013,Europe & Central Asia,France,366.852,357.6,63894000.0,2500000000000.0
2014,Europe & Central Asia,France,335.415,324.66,64194000.0,2530000000000.0
2015,Europe & Central Asia,France,341.106,331.3,64453000.0,2560000000000.0
2016,Europe & Central Asia,France,342.95599999999996,329.6,64668000.0,2600000000000.0
2000,Europe & Central Asia,Germany,900.3760000000001,922.88,81401000.0,2790000000000.0
2001,Europe & Central Asia,Germany,916.913,970.63,81454000.0,2840000000000.0
2002,Europe & Central Asia,Germany,900.387,952.16,81535000.0,2860000000000.0
2003,Europe & Central Asia,Germany,901.409,951.08,81614000.0,2880000000000.0
2004,Europe & Central Asia,Germany,887.4580000000001,931.26,81646000.0,2960000000000.0
2005,Europe & Central Asia,Germany,866.64,906.56,81603000.0,3070000000000.0
2006,Europe & Central Asia,Germany,878.076,918.19,81472000.0,3190000000000.0
2007,Europe & Central Asia,Germany,851.418,888.29,81278000.0,3370000000000.0
2008,Europe & Central Asia,Germany,853.7710000000001,892.66,81066000.0,3390000000000.0
2009,Europe & Central Asia,Germany,788.924,834.12,80900000.0,3230000000000.0
2010,Europe & Central Asia,Germany,832.388,864.72,80827000.0,3370000000000.0
2011,Europe & Central Asia,Germany,809.7489999999999,812.51,80856000.0,3520000000000.0
2012,Europe & Central Asia,Germany,814.138,826.22,80973000.0,3530000000000.0
2013,Europe & Central Asia,Germany,831.57,844.05,81174000.0,3650000000000.0
2014,Europe & Central Asia,Germany,792.793,803.72,81450000.0,3780000000000.0
2015,Europe & Central Asia,Germany,795.94,808.91,81787000.0,3850000000000.0
2016,Europe & Central Asia,Germany,801.655,808.73,82194000.0,3920000000000.0
2000,Europe & Central Asia,Greece,102.98200000000001,117.2,11082000.0,248000000000.0
2001,Europe & Central Asia,Greece,105.369,117.94,11134000.0,262000000000.0
2002,Europe & Central Asia,Greece,105.01100000000001,118.13,11182000.0,279000000000.0
2003,Europe & Central Asia,Greece,109.083,121.38,11219000.0,278000000000.0
2004,Europe & Central Asia,Greece,109.53,121.21,11235000.0,289000000000.0
2005,Europe & Central Asia,Greece,113.925,123.28,11225000.0,282000000000.0
2006,Europe & Central Asia,Greece,112.465,121.59,11185000.0,303000000000.0
2007,Europe & Central Asia,Greece,114.583,125.14,11120000.0,311000000000.0
2008,Europe & Central Asia,Greece,111.113,121.42,11040000.0,322000000000.0
2009,Europe & Central Asia,Greece,104.34100000000001,114.19,10959000.0,320000000000.0
2010,Europe & Central Asia,Greece,97.34299999999999,107.44,10888000.0,300000000000.0
2011,Europe & Central Asia,Greece,94.53200000000001,105.11,10829000.0,269000000000.0
2012,Europe & Central Asia,Greece,91.41799999999999,99.91,10781000.0,262000000000.0
2013,Europe & Central Asia,Greece,81.723,92.29,10741000.0,270000000000.0
2014,Europe & Central Asia,Greece,78.65,89.11,10701000.0,264000000000.0
2015,Europe & Central Asia,Greece,74.959,87.32,10660000.0,264000000000.0
2016,Europe & Central Asia,Greece,71.367,86.36,10615000.0,264000000000.0
2000,Europe & Central Asia,Hungary,58.56,72.66,10221000.0,151000000000.0
2001,Europe & Central Asia,Hungary,60.176,76.65,10193000.0,162000000000.0
2002,Europe & Central Asia,Hungary,59.178999999999995,74.68,10167000.0,172000000000.0
2003,Europe & Central Asia,Hungary,61.952,77.62,10141000.0,173000000000.0
2004,Europe & Central Asia,Hungary,60.424,76.42,10114000.0,172000000000.0
2005,Europe & Central Asia,Hungary,60.51,75.39,10086000.0,178000000000.0
2006,Europe & Central Asia,Hungary,59.85,72.57,10056000.0,184000000000.0
2007,Europe & Central Asia,Hungary,58.553000000000004,70.43,10024000.0,188000000000.0
2008,Europe & Central Asia,Hungary,57.455,69.01,9992000.0,195000000000.0
2009,Europe & Central Asia,Hungary,51.801,63.05,9959000.0,198000000000.0
2010,Europe & Central Asia,Hungary,52.138000000000005,62.94,9927000.0,204000000000.0
2011,Europe & Central Asia,Hungary,50.376000000000005,63.48,9896000.0,208000000000.0
2012,Europe & Central Asia,Hungary,46.83,59.71,9864000.0,208000000000.0
2013,Europe & Central Asia,Hungary,43.78,57.16,9834000.0,216000000000.0
2014,Europe & Central Asia,Hungary,43.925,57.69,9805000.0,225000000000.0
2015,Europe & Central Asia,Hungary,46.677,60.53,9778000.0,232000000000.0
2016,Europe & Central Asia,Hungary,47.43,61.28,9753000.0,236000000000.0
2000,South Asia,India,1029.638,1664.02,1056576000.0,2020000000000.0
2001,South Asia,India,1035.64,1569.36,1075000064.0,2140000000000.0
2002,South Asia,India,1047.596,1591.5,1093316992.0,2270000000000.0
2003,South Asia,India,1091.873,1634.28,1111522944.0,2490000000000.0
2004,South Asia,India,1145.545,1728.85,1129623040.0,2690000000000.0
2005,South Asia,India,1210.146,1803.32,1147609984.0,3050000000000.0
2006,South Asia,India,1287.149,1936.95,1165485952.0,3390000000000.0
2007,South Asia,India,1390.253,2078.82,1183208960.0,3750000000000.0
2008,South Asia,India,1547.991,2170.72,1200669952.0,4290000000000.0
2009,South Asia,India,1720.121,2355.66,1217725952.0,4560000000000.0
2010,South Asia,India,1700.027,2457.76,1234280960.0,5110000000000.0
2011,South Asia,India,1811.961,2800.43,1250288000.0,5680000000000.0
2012,South Asia,India,1979.047,2943.69,1265779968.0,6000000000000.0
2013,South Asia,India,1994.101,2994.46,1280841984.0,6170000000000.0
2014,South Asia,India,2199.4,3163.7,1295601024.0,6570000000000.0
2015,South Asia,India,2298.17,3177.2,1310151936.0,7070000000000.0
2016,South Asia,India,2371.752,3235.66,1324516992.0,7560000000000.0
2000,East Asia & Pacific,Indonesia,265.803,1406.68,211514000.0,734000000000.0
2001,East Asia & Pacific,Indonesia,297.53,1663.98,214427008.0,752000000000.0
2002,East Asia & Pacific,Indonesia,307.361,2199.08,217358000.0,766000000000.0
2003,East Asia & Pacific,Indonesia,316.655,1822.69,220308992.0,771000000000.0
2004,East Asia & Pacific,Indonesia,339.848,2205.43,223286000.0,840000000000.0
2005,East Asia & Pacific,Indonesia,343.336,1912.93,226288992.0,921000000000.0
2006,East Asia & Pacific,Indonesia,346.44300000000004,2681.88,229318000.0,1010000000000.0
2007,East Asia & Pacific,Indonesia,376.865,2057.19,232374000.0,1120000000000.0
2008,East Asia & Pacific,Indonesia,417.56199999999995,2043.34,235470000.0,1360000000000.0
2009,East Asia & Pacific,Indonesia,447.099,2475.02,238620992.0,1510000000000.0
2010,East Asia & Pacific,Indonesia,428.17400000000004,2049.35,241834000.0,1770000000000.0
2011,East Asia & Pacific,Indonesia,508.07300000000004,2276.71,245116000.0,2150000000000.0
2012,East Asia & Pacific,Indonesia,526.383,2319.98,248452000.0,2250000000000.0
2013,East Asia & Pacific,Indonesia,411.191,2294.46,251804992.0,2330000000000.0
2014,East Asia & Pacific,Indonesia,366.843,2732.16,255128000.0,2430000000000.0
2015,East Asia & Pacific,Indonesia,507.01199999999994,2779.09,258383008.0,2550000000000.0
2016,East Asia & Pacific,Indonesia,560.679,2229.0,261556000.0,2680000000000.0
2000,Middle East & North Africa,Iran,369.26300000000003,466.63,65623000.0,503000000000.0
2001,Middle East & North Africa,Iran,394.931,480.14,66449000.0,587000000000.0
2002,Middle East & North Africa,Iran,397.798,504.89,67285000.0,690000000000.0
2003,Middle East & North Africa,Iran,413.99300000000005,534.12,68123000.0,777000000000.0
2004,Middle East & North Africa,Iran,442.09,571.07,68951000.0,887000000000.0
2005,Middle East & North Africa,Iran,463.53,609.88,69762000.0,1040000000000.0
2006,Middle East & North Africa,Iran,503.791,658.38,70555000.0,1120000000000.0
2007,Middle East & North Africa,Iran,513.314,696.8,71336000.0,1230000000000.0
2008,Middle East & North Africa,Iran,534.91,710.22,72121000.0,1240000000000.0
2009,Middle East & North Africa,Iran,546.885,734.52,72925000.0,1280000000000.0
2010,Middle East & North Africa,Iran,564.035,740.76,73763000.0,1330000000000.0
2011,Middle East & North Africa,Iran,579.04,817.82,74635000.0,1370000000000.0
2012,Middle East & North Africa,Iran,600.684,825.98,75540000.0,1210000000000.0
2013,Middle East & North Africa,Iran,608.71,846.81,76482000.0,1230000000000.0
2014,Middle East & North Africa,Iran,641.9159999999999,858.83,77466000.0,1200000000000.0
2015,Middle East & North Africa,Iran,640.811,853.36,78492000.0,1200000000000.0
2016,Middle East & North Africa,Iran,652.97,867.96,79564000.0,1250000000000.0
2000,Europe & Central Asia,Ireland,45.2,69.07,3783000.0,149000000000.0
2001,Europe & Central Asia,Ireland,47.562,71.84,3842000.0,161000000000.0
2002,Europe & Central Asia,Ireland,46.033,71.09,3908000.0,182000000000.0
2003,Europe & Central Asia,Ireland,45.637,71.4,3980000.0,193000000000.0
2004,Europe & Central Asia,Ireland,46.128,70.62,4058000.0,208000000000.0
2005,Europe & Central Asia,Ireland,48.12,71.82,4141000.0,222000000000.0
2006,Europe & Central Asia,Ireland,47.565,67.37,4231000.0,230000000000.0
2007,Europe & Central Asia,Ireland,47.636,65.77,4325000.0,246000000000.0
2008,Europe & Central Asia,Ireland,47.316,64.68,4416000.0,221000000000.0
2009,Europe & Central Asia,Ireland,42.108999999999995,59.26,4495000.0,218000000000.0
2010,Europe & Central Asia,Ireland,41.678000000000004,58.34,4554000.0,223000000000.0
2011,Europe & Central Asia,Ireland,38.0,60.6,4591000.0,224000000000.0
2012,Europe & Central Asia,Ireland,38.179,62.0,4608000.0,220000000000.0
2013,Europe & Central Asia,Ireland,37.166,61.08,4615000.0,221000000000.0
2014,Europe & Central Asia,Ireland,36.671,61.26,4627000.0,239000000000.0
2015,Europe & Central Asia,Ireland,38.429,63.31,4652000.0,249000000000.0
2016,Europe & Central Asia,Ireland,39.895,65.58,4696000.0,262000000000.0
2000,Europe & Central Asia,Italy,470.29400000000004,472.22,56692000.0,1890000000000.0
2001,Europe & Central Asia,Italy,475.966,469.3,56875000.0,1940000000000.0
2002,Europe & Central Asia,Italy,477.505,477.71,57183000.0,1880000000000.0
2003,Europe & Central Asia,Italy,490.75,495.79,57565000.0,1860000000000.0
2004,Europe & Central Asia,Italy,494.591,506.07,57948000.0,1870000000000.0
2005,Europe & Central Asia,Italy,494.458,507.32,58281000.0,1910000000000.0
2006,Europe & Central Asia,Italy,489.00199999999995,495.92,58543000.0,1980000000000.0
2007,Europe & Central Asia,Italy,479.07800000000003,488.7,58748000.0,2090000000000.0
2008,Europe & Central Asia,Italy,467.472,475.47,58922000.0,2110000000000.0
2009,Europe & Central Asia,Italy,416.675,429.39,59106000.0,2060000000000.0
2010,Europe & Central Asia,Italy,426.351,437.79,59325000.0,2050000000000.0
2011,Europe & Central Asia,Italy,413.944,427.74,59589000.0,2090000000000.0
2012,Europe & Central Asia,Italy,392.63,412.41,59879000.0,2090000000000.0
2013,Europe & Central Asia,Italy,364.089,381.69,60167000.0,2080000000000.0
2014,Europe & Central Asia,Italy,348.54699999999997,362.62,60410000.0,2090000000000.0
2015,Europe & Central Asia,Italy,355.785,373.6,60578000.0,2110000000000.0
2016,Europe & Central Asia,Italy,353.48699999999997,369.63,60663000.0,2130000000000.0
2000,East Asia & Pacific,Japan,1264.978,1174.85,127524000.0,4230000000000.0
2001,East Asia & Pacific,Japan,1250.344,1189.35,127714000.0,4210000000000.0
2002,East Asia & Pacific,Japan,1279.555,1225.23,127893000.0,4240000000000.0
2003,East Asia & Pacific,Japan,1287.782,1231.65,128058000.0,4290000000000.0
2004,East Asia & Pacific,Japan,1283.0439999999999,1219.1,128204000.0,4390000000000.0
2005,East Asia & Pacific,Japan,1290.31,1224.8,128326000.0,4510000000000.0
2006,East Asia & Pacific,Japan,1267.1580000000001,1103.33,128423000.0,4550000000000.0
2007,East Asia & Pacific,Japan,1302.894,1144.4,128494000.0,4610000000000.0
2008,East Asia & Pacific,Japan,1232.232,1065.32,128539000.0,4510000000000.0
2009,East Asia & Pacific,Japan,1162.961,1002.88,128555000.0,4310000000000.0
2010,East Asia & Pacific,Japan,1214.424,1055.53,128542000.0,4520000000000.0
2011,East Asia & Pacific,Japan,1264.518,1261.05,128499000.0,4460000000000.0
2012,East Asia & Pacific,Japan,1305.886,1308.39,128424000.0,4470000000000.0
2013,East Asia & Pacific,Japan,1315.0770000000002,1335.18,128314000.0,4510000000000.0
2014,East Asia & Pacific,Japan,1264.88,1297.47,128169000.0,4500000000000.0
2015,East Asia & Pacific,Japan,1224.539,1266.66,127985000.0,4560000000000.0
2016,East Asia & Pacific,Japan,1206.1660000000002,1263.87,127763000.0,4600000000000.0
2000,Europe & Central Asia,Kazakhstan,133.407,148.46,14923000.0,87470841856.0
2001,Europe & Central Asia,Kazakhstan,127.62799999999999,148.42,14910000.0,98712707072.0
2002,Europe & Central Asia,Kazakhstan,146.016,164.97,14976000.0,105000000000.0
2003,Europe & Central Asia,Kazakhstan,163.628,176.44,15100000.0,118000000000.0
2004,Europe & Central Asia,Kazakhstan,170.16400000000002,193.92,15250000.0,136000000000.0
2005,Europe & Central Asia,Kazakhstan,183.774,206.01,15403000.0,163000000000.0
2006,Europe & Central Asia,Kazakhstan,206.516,227.44,15551000.0,197000000000.0
2007,Europe & Central Asia,Kazakhstan,213.014,235.74,15702000.0,229000000000.0
2008,Europe & Central Asia,Kazakhstan,213.167,282.1,15862000.0,264000000000.0
2009,Europe & Central Asia,Kazakhstan,208.33700000000002,251.27,16043000.0,254000000000.0
2010,Europe & Central Asia,Kazakhstan,236.262,277.17,16252000.0,296000000000.0
2011,Europe & Central Asia,Kazakhstan,226.77200000000002,294.11,16491000.0,360000000000.0
2012,Europe & Central Asia,Kazakhstan,233.695,294.07,16752000.0,376000000000.0
2013,Europe & Central Asia,Kazakhstan,240.136,307.53,17026000.0,405000000000.0
2014,Europe & Central Asia,Kazakhstan,256.672,290.05,17303000.0,411000000000.0
2015,Europe & Central Asia,Kazakhstan,263.59,285.71,17572000.0,415000000000.0
2016,Europe & Central Asia,Kazakhstan,267.693,289.02,17831000.0,420000000000.0
2000,Europe & Central Asia,Latvia,7.065,-2.22,2384000.0,25228673024.0
2001,Europe & Central Asia,Latvia,7.475,7.0,2359000.0,26669565952.0
2002,Europe & Central Asia,Latvia,7.5089999999999995,7.34,2333000.0,28483074048.0
2003,Europe & Central Asia,Latvia,7.728,7.56,2306000.0,29327583232.0
2004,Europe & Central Asia,Latvia,7.7379999999999995,7.36,2279000.0,30351355904.0
2005,Europe & Central Asia,Latvia,7.813,7.46,2252000.0,32431915008.0
2006,Europe & Central Asia,Latvia,8.314,-3.58,2225000.0,36045434880.0
2007,Europe & Central Asia,Latvia,8.636000000000001,-3.13,2198000.0,39488139264.0
2008,Europe & Central Asia,Latvia,8.197000000000001,-3.54,2171000.0,39694049280.0
2009,Europe & Central Asia,Latvia,7.457000000000001,-4.27,2145000.0,35212337152.0
2010,Europe & Central Asia,Latvia,8.554,-3.08,2119000.0,35345006592.0
2011,Europe & Central Asia,Latvia,7.81,-1.95,2094000.0,37961678848.0
2012,Europe & Central Asia,Latvia,7.52,-2.1,2069000.0,40317419520.0
2013,Europe & Central Asia,Latvia,7.385,-2.12,2045000.0,41799946240.0
2014,Europe & Central Asia,Latvia,7.188,-2.19,2021000.0,43756335104.0
2015,Europe & Central Asia,Latvia,7.279,-2.21,1998000.0,44948070400.0
2016,Europe & Central Asia,Latvia,7.232,-2.33,1974000.0,45812883456.0
2000,Europe & Central Asia,Lithuania,11.788,20.26,3502000.0,38858665984.0
2001,Europe & Central Asia,Lithuania,12.501,21.14,3474000.0,41505021952.0
2002,Europe & Central Asia,Lithuania,12.602,20.86,3445000.0,42848641024.0
2003,Europe & Central Asia,Lithuania,12.592,21.26,3414000.0,46498734080.0
2004,Europe & Central Asia,Lithuania,13.167,22.23,3381000.0,46993072128.0
2005,Europe & Central Asia,Lithuania,14.092,22.95,3344000.0,49919520768.0
2006,Europe & Central Asia,Lithuania,14.405999999999999,21.32,3303000.0,53438320640.0
2007,Europe & Central Asia,Lithuania,15.77,22.1,3259000.0,58199494656.0
2008,Europe & Central Asia,Lithuania,15.088,21.78,3213000.0,59742826496.0
2009,Europe & Central Asia,Lithuania,12.831,18.26,3167000.0,54137118720.0
2010,Europe & Central Asia,Lithuania,13.713,19.28,3124000.0,56762298368.0
2011,Europe & Central Asia,Lithuania,14.065999999999999,18.27,3083000.0,61255319552.0
2012,Europe & Central Asia,Lithuania,14.136,18.72,3046000.0,66443116544.0
2013,Europe & Central Asia,Lithuania,13.106,17.89,3009000.0,69114494976.0
2014,Europe & Central Asia,Lithuania,12.874,17.42,2971000.0,72089722880.0
2015,Europe & Central Asia,Lithuania,13.132,17.7,2932000.0,73384935424.0
2016,Europe & Central Asia,Lithuania,13.120999999999999,17.71,2890000.0,75063795712.0
2000,Europe & Central Asia,Luxembourg,8.729,8.7,436000.0,27865122816.0
2001,Europe & Central Asia,Luxembourg,9.222000000000001,9.97,440000.0,25977962496.0
2002,Europe & Central Asia,Luxembourg,9.999,10.77,444000.0,26320701440.0
2003,Europe & Central Asia,Luxembourg,10.47,11.1,447000.0,25401974784.0
2004,Europe & Central Asia,Luxembourg,11.849,12.56,452000.0,24444045312.0
2005,Europe & Central Asia,Luxembourg,12.109000000000002,12.83,458000.0,24792096768.0
2006,Europe & Central Asia,Luxembourg,11.937999999999999,12.62,466000.0,26457731072.0
2007,Europe & Central Asia,Luxembourg,11.333,12.03,475000.0,28851822592.0
2008,Europe & Central Asia,Luxembourg,11.199000000000002,11.92,485000.0,27093080064.0
2009,Europe & Central Asia,Luxembourg,10.652000000000001,11.4,497000.0,27566755840.0
2010,Europe & Central Asia,Luxembourg,11.217,11.91,508000.0,29648912384.0
2011,Europe & Central Asia,Luxembourg,11.113,11.82,519000.0,28096120832.0
2012,Europe & Central Asia,Luxembourg,10.847000000000001,11.57,531000.0,30788435968.0
2013,Europe & Central Asia,Luxembourg,10.297,11.07,543000.0,30693855232.0
2014,Europe & Central Asia,Luxembourg,9.825,10.57,555000.0,37246500864.0
2015,Europe & Central Asia,Luxembourg,9.331,10.05,567000.0,38716084224.0
2016,Europe & Central Asia,Luxembourg,9.076,9.77,579000.0,40329289728.0
2000,East Asia & Pacific,Malaysia,126.514,279.73,23194000.0,278000000000.0
2001,East Asia & Pacific,Malaysia,134.94799999999998,306.67,23709000.0,274000000000.0
2002,East Asia & Pacific,Malaysia,136.338,325.45,24208000.0,293000000000.0
2003,East Asia & Pacific,Malaysia,157.266,334.5,24699000.0,311000000000.0
2004,East Asia & Pacific,Malaysia,171.695,360.05,25191000.0,342000000000.0
2005,East Asia & Pacific,Malaysia,181.755,374.48,25691000.0,380000000000.0
2006,East Asia & Pacific,Malaysia,178.93,202.84,26202000.0,396000000000.0
2007,East Asia & Pacific,Malaysia,182.832,229.03,26720000.0,435000000000.0
2008,East Asia & Pacific,Malaysia,202.498,240.29,27236000.0,476000000000.0
2009,East Asia & Pacific,Malaysia,196.94799999999998,243.13,27735000.0,453000000000.0
2010,East Asia & Pacific,Malaysia,216.537,252.04,28208000.0,489000000000.0
2011,East Asia & Pacific,Malaysia,217.42700000000002,128.44,28651000.0,545000000000.0
2012,East Asia & Pacific,Malaysia,215.812,128.73,29068000.0,577000000000.0
2013,East Asia & Pacific,Malaysia,234.419,147.09,29469000.0,614000000000.0
2014,East Asia & Pacific,Malaysia,241.128,179.22,29867000.0,628000000000.0
2015,East Asia & Pacific,Malaysia,233.268,163.28,30271000.0,659000000000.0
2016,East Asia & Pacific,Malaysia,246.722,161.04,30685000.0,687000000000.0
2000,Americas,Mexico,396.066,556.17,98900000.0,1120000000000.0
2001,Americas,Mexico,410.69800000000004,550.63,100298000.0,1130000000000.0
2002,Americas,Mexico,411.968,557.0,101685000.0,1140000000000.0
2003,Americas,Mexico,437.75800000000004,584.26,103081000.0,1170000000000.0
2004,Americas,Mexico,438.85699999999997,583.84,104515000.0,1260000000000.0
2005,Americas,Mexico,463.99300000000005,611.1,106005000.0,1360000000000.0
2006,Americas,Mexico,476.565,626.78,107560000.0,1450000000000.0
2007,Americas,Mexico,479.787,648.26,109171000.0,1520000000000.0
2008,Americas,Mexico,492.98,678.72,110815000.0,1570000000000.0
2009,Americas,Mexico,475.903,662.87,112464000.0,1480000000000.0
2010,Americas,Mexico,463.783,665.54,114093000.0,1590000000000.0
2011,Americas,Mexico,484.165,681.94,115695000.0,1720000000000.0
2012,Americas,Mexico,496.3,672.08,117274000.0,1740000000000.0
2013,Americas,Mexico,490.13,667.84,118827000.0,1770000000000.0
2014,Americas,Mexico,481.129,655.74,120355000.0,1810000000000.0
2015,Americas,Mexico,481.975,677.89,121858000.0,1860000000000.0
2016,Americas,Mexico,485.42400000000004,688.38,123333000.0,1880000000000.0
2000,Europe & Central Asia,Netherlands,171.94299999999998,207.82,15926000.0,636000000000.0
2001,Europe & Central Asia,Netherlands,177.082,209.28,16018000.0,642000000000.0
2002,Europe & Central Asia,Netherlands,176.37400000000002,208.76,16110000.0,650000000000.0
2003,Europe & Central Asia,Netherlands,179.828,208.68,16201000.0,638000000000.0
2004,Europe & Central Asia,Netherlands,181.449,210.3,16287000.0,651000000000.0
2005,Europe & Central Asia,Netherlands,177.53,204.32,16367000.0,694000000000.0
2006,Europe & Central Asia,Netherlands,172.733,197.75,16440000.0,729000000000.0
2007,Europe & Central Asia,Netherlands,172.59900000000002,197.48,16507000.0,778000000000.0
2008,Europe & Central Asia,Netherlands,175.524,195.44,16568000.0,781000000000.0
2009,Europe & Central Asia,Netherlands,170.18599999999998,190.15,16626000.0,749000000000.0
2010,Europe & Central Asia,Netherlands,182.18599999999998,200.66,16683000.0,738000000000.0
2011,Europe & Central Asia,Netherlands,169.111,188.09,16738000.0,744000000000.0
2012,Europe & Central Asia,Netherlands,165.878,185.57,16792000.0,761000000000.0
2013,Europe & Central Asia,Netherlands,165.764,185.21,16844000.0,817000000000.0
2014,Europe & Central Asia,Netherlands,158.827,177.89,16893000.0,805000000000.0
2015,Europe & Central Asia,Netherlands,166.451,186.1,16938000.0,821000000000.0
2016,Europe & Central Asia,Netherlands,166.387,186.98,16981000.0,839000000000.0
2000,East Asia & Pacific,New Zealand,32.298,53.86,3859000.0,98350137344.0
2001,East Asia & Pacific,New Zealand,34.476,63.55,3908000.0,101000000000.0
2002,East Asia & Pacific,New Zealand,34.658,64.82,3963000.0,105000000000.0
2003,East Asia & Pacific,New Zealand,36.375,67.31,4022000.0,107000000000.0
2004,East Asia & Pacific,New Zealand,35.961,66.16,4080000.0,108000000000.0
2005,East Asia & Pacific,New Zealand,37.593,67.62,4135000.0,110000000000.0
2006,East Asia & Pacific,New Zealand,37.486,66.43,4186000.0,112000000000.0
2007,East Asia & Pacific,New Zealand,36.577,65.13,4233000.0,121000000000.0
2008,East Asia & Pacific,New Zealand,37.593,65.1,4278000.0,122000000000.0
2009,East Asia & Pacific,New Zealand,34.772,62.32,4323000.0,127000000000.0
2010,East Asia & Pacific,New Zealand,34.997,62.17,4370000.0,133000000000.0
2011,East Asia & Pacific,New Zealand,34.314,62.41,4419000.0,138000000000.0
2012,East Asia & Pacific,New Zealand,35.986,64.46,4468000.0,138000000000.0
2013,East Asia & Pacific,New Zealand,35.31,64.0,4519000.0,144000000000.0
2014,East Asia & Pacific,New Zealand,35.622,64.78,4568000.0,148000000000.0
2015,East Asia & Pacific,New Zealand,35.839,64.25,4615000.0,153000000000.0
2016,East Asia & Pacific,New Zealand,34.26,63.13,4659000.0,159000000000.0
2000,Europe & Central Asia,Norway,42.515,31.94,4499000.0,245000000000.0
2001,Europe & Central Asia,Norway,43.867,25.6,4523000.0,245000000000.0
2002,Europe & Central Asia,Norway,42.983999999999995,25.06,4546000.0,244000000000.0
2003,Europe & Central Asia,Norway,44.323,27.05,4570000.0,255000000000.0
2004,Europe & Central Asia,Norway,44.646,27.53,4598000.0,276000000000.0
2005,Europe & Central Asia,Norway,43.951,26.27,4632000.0,328000000000.0
2006,Europe & Central Asia,Norway,44.496,25.3,4673000.0,348000000000.0
2007,Europe & Central Asia,Norway,46.239,25.83,4719000.0,352000000000.0
2008,Europe & Central Asia,Norway,45.382,24.45,4771000.0,391000000000.0
2009,Europe & Central Asia,Norway,43.891000000000005,23.8,4827000.0,339000000000.0
2010,Europe & Central Asia,Norway,46.229,26.53,4886000.0,355000000000.0
2011,Europe & Central Asia,Norway,45.512,25.84,4948000.0,399000000000.0
2012,Europe & Central Asia,Norway,45.022,24.99,5014000.0,411000000000.0
2013,Europe & Central Asia,Norway,44.946999999999996,24.15,5079000.0,406000000000.0
2014,Europe & Central Asia,Norway,44.89,24.05,5142000.0,390000000000.0
2015,Europe & Central Asia,Norway,45.303999999999995,24.31,5200000.0,396000000000.0
2016,Europe & Central Asia,Norway,44.463,23.81,5251000.0,400000000000.0
2000,Americas,Peru,30.078000000000003,105.93,26460000.0,123000000000.0
2001,Americas,Peru,26.929000000000002,103.93,26799000.0,125000000000.0
2002,Americas,Peru,26.930999999999997,106.05,27101000.0,133000000000.0
2003,Americas,Peru,26.105,106.41,27372000.0,141000000000.0
2004,Americas,Peru,31.555999999999997,110.4,27624000.0,153000000000.0
2005,Americas,Peru,36.733000000000004,115.47,27866000.0,170000000000.0
2006,Americas,Peru,28.263,137.58,28102000.0,193000000000.0
2007,Americas,Peru,34.524,144.13,28333000.0,214000000000.0
2008,Americas,Peru,40.669000000000004,146.26,28562000.0,235000000000.0
2009,Americas,Peru,51.207,149.92,28793000.0,237000000000.0
2010,Americas,Peru,57.151,155.8,29028000.0,270000000000.0
2011,Americas,Peru,48.958999999999996,158.34,29264000.0,294000000000.0
2012,Americas,Peru,54.156000000000006,159.39,29507000.0,311000000000.0
2013,Americas,Peru,45.655,160.56,29774000.0,322000000000.0
2014,Americas,Peru,50.178000000000004,163.7,30090000.0,331000000000.0
2015,Americas,Peru,51.51,165.98,30471000.0,342000000000.0
2016,Americas,Peru,56.317,168.85,30926000.0,355000000000.0
2000,Europe & Central Asia,Poland,318.203,356.57,38557000.0,511000000000.0
2001,Europe & Central Asia,Poland,314.596,345.71,38530000.0,513000000000.0
2002,Europe & Central Asia,Poland,306.69599999999997,338.06,38489000.0,530000000000.0
2003,Europe & Central Asia,Poland,319.443,350.13,38442000.0,528000000000.0
2004,Europe & Central Asia,Poland,323.60200000000003,354.02,38400000.0,547000000000.0
2005,Europe & Central Asia,Poland,322.497,355.74,38369000.0,568000000000.0
2006,Europe & Central Asia,Poland,335.599,286.66,38354000.0,594000000000.0
2007,Europe & Central Asia,Poland,335.55400000000003,286.63,38353000.0,656000000000.0
2008,Europe & Central Asia,Poland,328.76599999999996,280.38,38357000.0,681000000000.0
2009,Europe & Central Asia,Poland,315.341,264.55,38352000.0,732000000000.0
2010,Europe & Central Asia,Poland,333.461,282.52,38330000.0,791000000000.0
2011,Europe & Central Asia,Poland,333.01099999999997,360.53,38287000.0,843000000000.0
2012,Europe & Central Asia,Poland,325.517,353.51,38227000.0,889000000000.0
2013,Europe & Central Asia,Poland,321.27299999999997,348.12,38158000.0,912000000000.0
2014,Europe & Central Asia,Poland,308.79900000000004,335.05,38091000.0,939000000000.0
2015,Europe & Central Asia,Poland,312.373,338.94,38034000.0,975000000000.0
2016,Europe & Central Asia,Poland,323.05,349.76,37989000.0,1000000000000.0
2000,Europe & Central Asia,Portugal,66.128,80.34,10297000.0,220000000000.0
2001,Europe & Central Asia,Portugal,65.76,83.94,10341000.0,222000000000.0
2002,Europe & Central Asia,Portugal,69.604,88.77,10386000.0,225000000000.0
2003,Europe & Central Asia,Portugal,64.487,84.38,10430000.0,222000000000.0
2004,Europe & Central Asia,Portugal,67.275,85.63,10471000.0,220000000000.0
2005,Europe & Central Asia,Portugal,69.554,89.7,10508000.0,238000000000.0
2006,Europe & Central Asia,Portugal,64.829,77.73,10543000.0,249000000000.0
2007,Europe & Central Asia,Portugal,62.32899999999999,76.27,10573000.0,262000000000.0
2008,Europe & Central Asia,Portugal,59.975,73.99,10595000.0,258000000000.0
2009,Europe & Central Asia,Portugal,57.138999999999996,73.27,10604000.0,263000000000.0
2010,Europe & Central Asia,Portugal,52.937,68.18,10596000.0,269000000000.0
2011,Europe & Central Asia,Portugal,51.736999999999995,68.84,10569000.0,264000000000.0
2012,Europe & Central Asia,Portugal,49.915,67.19,10526000.0,269000000000.0
2013,Europe & Central Asia,Portugal,48.113,65.53,10473000.0,269000000000.0
2014,Europe & Central Asia,Portugal,47.983999999999995,64.92,10418000.0,276000000000.0
2015,Europe & Central Asia,Portugal,52.176,69.23,10368000.0,281000000000.0
2016,Europe & Central Asia,Portugal,50.375,69.39,10326000.0,285000000000.0
2000,Europe & Central Asia,Romania,95.427,135.08,22137000.0,167000000000.0
2001,Europe & Central Asia,Romania,100.32600000000001,140.35,21989000.0,187000000000.0
2002,Europe & Central Asia,Romania,101.699,138.02,21853000.0,196000000000.0
2003,Europe & Central Asia,Romania,105.26100000000001,143.63,21720000.0,204000000000.0
2004,Europe & Central Asia,Romania,104.234,140.16,21578000.0,223000000000.0
2005,Europe & Central Asia,Romania,102.661,138.76,21417000.0,230000000000.0
2006,Europe & Central Asia,Romania,105.045,135.94,21234000.0,264000000000.0
2007,Europe & Central Asia,Romania,106.88799999999999,133.84,21034000.0,300000000000.0
2008,Europe & Central Asia,Romania,105.189,130.36,20830000.0,345000000000.0
2009,Europe & Central Asia,Romania,87.601,113.37,20638000.0,347000000000.0
2010,Europe & Central Asia,Romania,84.022,110.23,20472000.0,360000000000.0
2011,Europe & Central Asia,Romania,89.73700000000001,-42.82,20337000.0,376000000000.0
2012,Europe & Central Asia,Romania,86.53399999999999,-44.78,20227000.0,406000000000.0
2013,Europe & Central Asia,Romania,77.18,-56.92,20133000.0,412000000000.0
2014,Europe & Central Asia,Romania,77.546,-57.88,20036000.0,428000000000.0
2015,Europe & Central Asia,Romania,77.77,-56.12,19925000.0,445000000000.0
2016,Europe & Central Asia,Romania,75.798,-58.63,19796000.0,409000000000.0
2000,Europe & Central Asia,Russia,1471.235,2418.99,146404992.0,1260000000000.0
2001,Europe & Central Asia,Russia,1507.7179999999998,2329.98,145831008.0,1300000000000.0
2002,Europe & Central Asia,Russia,1495.71,2381.15,145216000.0,1350000000000.0
2003,Europe & Central Asia,Russia,1525.644,2552.06,144611008.0,1470000000000.0
2004,Europe & Central Asia,Russia,1530.777,2443.69,144080992.0,1660000000000.0
2005,Europe & Central Asia,Russia,1547.693,2492.3,143672000.0,1930000000000.0
2006,Europe & Central Asia,Russia,1606.7220000000002,2379.41,143403008.0,2210000000000.0
2007,Europe & Central Asia,Russia,1604.7779999999998,2352.0,143266000.0,2560000000000.0
2008,Europe & Central Asia,Russia,1637.2,2616.54,143248992.0,2870000000000.0
2009,Europe & Central Asia,Russia,1529.2279999999998,2281.07,143327008.0,2560000000000.0
2010,Europe & Central Asia,Russia,1613.523,2401.66,143479008.0,2910000000000.0
2011,Europe & Central Asia,Russia,1667.031,2478.2,143703008.0,3320000000000.0
2012,Europe & Central Asia,Russia,1679.385,2541.38,143994000.0,3420000000000.0
2013,Europe & Central Asia,Russia,1618.434,2413.77,144324992.0,3430000000000.0
2014,Europe & Central Asia,Russia,1617.6779999999999,2414.84,144664992.0,3420000000000.0
2015,Europe & Central Asia,Russia,1622.4979999999998,2316.81,144984992.0,3330000000000.0
2016,Europe & Central Asia,Russia,1617.6529999999998,2391.38,145275008.0,3320000000000.0
2000,Europe & Central Asia,Slovakia,41.224,36.31,5399000.0,73953935360.0
2001,Europe & Central Asia,Slovakia,43.32,37.65,5400000.0,78901338112.0
2002,Europe & Central Asia,Slovakia,42.051,37.06,5400000.0,81210720256.0
2003,Europe & Central Asia,Slovakia,42.378,37.34,5400000.0,80610951168.0
2004,Europe & Central Asia,Slovakia,42.867,36.69,5399000.0,81812226048.0
2005,Europe & Central Asia,Slovakia,42.851000000000006,37.62,5399000.0,90199744512.0
2006,Europe & Central Asia,Slovakia,42.614,39.92,5399000.0,97686151168.0
2007,Europe & Central Asia,Slovakia,41.004,38.92,5399000.0,110000000000.0
2008,Europe & Central Asia,Slovakia,41.403999999999996,38.77,5399000.0,117000000000.0
2009,Europe & Central Asia,Slovakia,37.654,35.14,5401000.0,116000000000.0
2010,Europe & Central Asia,Slovakia,38.499,36.77,5404000.0,121000000000.0
2011,Europe & Central Asia,Slovakia,38.066,36.61,5409000.0,121000000000.0
2012,Europe & Central Asia,Slovakia,35.979,34.3,5415000.0,124000000000.0
2013,Europe & Central Asia,Slovakia,35.57,34.91,5422000.0,128000000000.0
2014,Europe & Central Asia,Slovakia,33.638000000000005,32.27,5429000.0,134000000000.0
2015,Europe & Central Asia,Slovakia,34.467,32.63,5436000.0,139000000000.0
2016,Europe & Central Asia,Slovakia,34.893,33.53,5442000.0,144000000000.0
2000,Europe & Central Asia,Slovenia,15.445,11.42,1988000.0,42722009088.0
2001,Europe & Central Asia,Slovenia,16.378,8.77,1987000.0,43362324480.0
2002,Europe & Central Asia,Slovenia,16.525,8.84,1987000.0,45058019328.0
2003,Europe & Central Asia,Slovenia,16.289,8.83,1988000.0,45062782976.0
2004,Europe & Central Asia,Slovenia,16.651,8.98,1990000.0,47041609728.0
2005,Europe & Central Asia,Slovenia,16.948,9.17,1995000.0,48663568384.0
2006,Europe & Central Asia,Slovenia,17.142,12.08,2002000.0,49665998848.0
2007,Europe & Central Asia,Slovenia,17.279,12.05,2012000.0,51871690752.0
2008,Europe & Central Asia,Slovenia,18.215999999999998,13.0,2023000.0,55143321600.0
2009,Europe & Central Asia,Slovenia,16.325,11.0,2034000.0,52803108864.0
2010,Europe & Central Asia,Slovenia,16.369,11.26,2043000.0,52372058112.0
2011,Europe & Central Asia,Slovenia,16.354,12.86,2051000.0,53204185088.0
2012,Europe & Central Asia,Slovenia,15.812999999999999,12.31,2058000.0,53345099776.0
2013,Europe & Central Asia,Slovenia,15.179,11.6,2063000.0,53505286144.0
2014,Europe & Central Asia,Slovenia,13.524000000000001,10.12,2067000.0,56434409472.0
2015,Europe & Central Asia,Slovenia,13.612,10.14,2071000.0,57726312448.0
2016,Europe & Central Asia,Slovenia,14.414000000000001,10.99,2074000.0,59161378816.0
2000,Europe & Central Asia,Spain,310.828,323.43,40825000.0,1090000000000.0
2001,Europe & Central Asia,Spain,312.737,321.27,41319000.0,1130000000000.0
2002,Europe & Central Asia,Spain,332.89300000000003,337.91,41920000.0,1190000000000.0
2003,Europe & Central Asia,Spain,336.87,347.29,42596000.0,1180000000000.0
2004,Europe & Central Asia,Spain,353.369,363.33,43308000.0,1230000000000.0
2005,Europe & Central Asia,Spain,368.056,378.35,44019000.0,1300000000000.0
2006,Europe & Central Asia,Spain,359.30199999999996,385.9,44729000.0,1420000000000.0
2007,Europe & Central Asia,Spain,367.223,401.66,45429000.0,1530000000000.0
2008,Europe & Central Asia,Spain,335.67900000000003,368.4,46069000.0,1560000000000.0
2009,Europe & Central Asia,Spain,296.597,331.71,46584000.0,1550000000000.0
2010,Europe & Central Asia,Spain,283.10900000000004,316.47,46931000.0,1520000000000.0
2011,Europe & Central Asia,Spain,284.041,316.31,47084000.0,1500000000000.0
2012,Europe & Central Asia,Spain,278.64599999999996,309.74,47063000.0,1490000000000.0
2013,Europe & Central Asia,Spain,251.97299999999998,283.47,46931000.0,1490000000000.0
2014,Europe & Central Asia,Spain,254.518,281.97,46778000.0,1520000000000.0
2015,Europe & Central Asia,Spain,271.1,292.62,46672000.0,1570000000000.0
2016,Europe & Central Asia,Spain,260.289,283.8,46634000.0,1480000000000.0
2000,Europe & Central Asia,Sweden,54.678000000000004,46.96,8882000.0,323000000000.0
2001,Europe & Central Asia,Sweden,55.65,14.74,8898000.0,317000000000.0
2002,Europe & Central Asia,Sweden,56.597,16.0,8921000.0,323000000000.0
2003,Europe & Central Asia,Sweden,57.178000000000004,17.03,8951000.0,330000000000.0
2004,Europe & Central Asia,Sweden,56.422,15.6,8991000.0,346000000000.0
2005,Europe & Central Asia,Sweden,53.785,12.27,9039000.0,343000000000.0
2006,Europe & Central Asia,Sweden,53.613,56.73,9096000.0,361000000000.0
2007,Europe & Central Asia,Sweden,52.756,54.58,9163000.0,387000000000.0
2008,Europe & Central Asia,Sweden,50.641000000000005,52.48,9236000.0,390000000000.0
2009,Europe & Central Asia,Sweden,47.068000000000005,49.44,9313000.0,375000000000.0
2010,Europe & Central Asia,Sweden,52.845,55.23,9390000.0,394000000000.0
2011,Europe & Central Asia,Sweden,48.895,51.18,9467000.0,398000000000.0
2012,Europe & Central Asia,Sweden,46.323,47.69,9543000.0,405000000000.0
2013,Europe & Central Asia,Sweden,44.738,45.92,9618000.0,406000000000.0
2014,Europe & Central Asia,Sweden,43.176,46.04,9692000.0,409000000000.0
2015,Europe & Central Asia,Sweden,43.056999999999995,45.46,9765000.0,426000000000.0
2016,Europe & Central Asia,Sweden,42.582,46.23,9836000.0,440000000000.0
2000,Europe & Central Asia,Switzerland,43.611999999999995,50.55,7144000.0,313000000000.0
2001,Europe & Central Asia,Switzerland,45.076,52.46,7179000.0,312000000000.0
2002,Europe & Central Asia,Switzerland,43.458999999999996,50.8,7220000.0,319000000000.0
2003,Europe & Central Asia,Switzerland,44.644,51.99,7268000.0,318000000000.0
2004,Europe & Central Asia,Switzerland,45.229,52.39,7324000.0,329000000000.0
2005,Europe & Central Asia,Switzerland,45.78,53.11,7387000.0,345000000000.0
2006,Europe & Central Asia,Switzerland,45.36600000000001,50.96,7458000.0,369000000000.0
2007,Europe & Central Asia,Switzerland,43.36,49.09,7537000.0,404000000000.0
2008,Europe & Central Asia,Switzerland,44.707,50.63,7623000.0,427000000000.0
2009,Europe & Central Asia,Switzerland,43.528999999999996,49.15,7714000.0,427000000000.0
2010,Europe & Central Asia,Switzerland,45.043,50.77,7809000.0,433000000000.0
2011,Europe & Central Asia,Switzerland,40.979,48.42,7907000.0,473000000000.0
2012,Europe & Central Asia,Switzerland,42.248000000000005,49.76,8008000.0,495000000000.0
2013,Europe & Central Asia,Switzerland,43.178999999999995,50.79,8109000.0,505000000000.0
2014,Europe & Central Asia,Switzerland,39.229,47.0,8206000.0,514000000000.0
2015,Europe & Central Asia,Switzerland,38.728,46.16,8297000.0,518000000000.0
2016,Europe & Central Asia,Switzerland,39.187,46.72,8380000.0,525000000000.0
2000,Europe & Central Asia,Turkey,229.791,262.94,63240000.0,803000000000.0
2001,Europe & Central Asia,Turkey,213.486,232.39,64192000.0,758000000000.0
2002,Europe & Central Asia,Turkey,220.97799999999998,242.67,65145000.0,765000000000.0
2003,Europe & Central Asia,Turkey,236.484,254.51,66089000.0,732000000000.0
2004,Europe & Central Asia,Turkey,244.46400000000003,260.87,67011000.0,825000000000.0
2005,Europe & Central Asia,Turkey,264.20099999999996,273.39,67903000.0,908000000000.0
2006,Europe & Central Asia,Turkey,281.649,277.83,68757000.0,1000000000000.0
2007,Europe & Central Asia,Turkey,312.737,307.7,69582000.0,1080000000000.0
2008,Europe & Central Asia,Turkey,309.32099999999997,306.3,70419000.0,1150000000000.0
2009,Europe & Central Asia,Turkey,315.36,309.8,71321000.0,1130000000000.0
2010,Europe & Central Asia,Turkey,314.38,319.51,72327000.0,1250000000000.0
2011,Europe & Central Asia,Turkey,339.48199999999997,332.18,73443000.0,1400000000000.0
2012,Europe & Central Asia,Turkey,353.666,346.17,74651000.0,1490000000000.0
2013,Europe & Central Asia,Turkey,345.221,337.45,75925000.0,1560000000000.0
2014,Europe & Central Asia,Turkey,361.675,362.31,77229000.0,1650000000000.0
2015,Europe & Central Asia,Turkey,381.332,369.1,78529000.0,1720000000000.0
2016,Europe & Central Asia,Turkey,401.24,395.95,79828000.0,1570000000000.0
2000,Europe & Central Asia,Ukraine,285.33799999999997,385.47,48838000.0,218000000000.0
2001,Europe & Central Asia,Ukraine,303.561,408.8,48402000.0,233000000000.0
2002,Europe & Central Asia,Ukraine,295.675,417.04,47980000.0,243000000000.0
2003,Europe & Central Asia,Ukraine,307.019,442.5,47582000.0,270000000000.0
2004,Europe & Central Asia,Ukraine,310.365,407.32,47217000.0,298000000000.0
2005,Europe & Central Asia,Ukraine,313.12,388.14,46891000.0,346000000000.0
2006,Europe & Central Asia,Ukraine,332.673,395.81,46607000.0,385000000000.0
2007,Europe & Central Asia,Ukraine,336.366,405.23,46366000.0,439000000000.0
2008,Europe & Central Asia,Ukraine,325.535,391.78,46159000.0,473000000000.0
2009,Europe & Central Asia,Ukraine,277.295,331.88,45971000.0,403000000000.0
2010,Europe & Central Asia,Ukraine,294.079,348.01,45792000.0,423000000000.0
2011,Europe & Central Asia,Ukraine,307.95799999999997,386.44,45620000.0,471000000000.0
2012,Europe & Central Asia,Ukraine,303.965,377.12,45454000.0,489000000000.0
2013,Europe & Central Asia,Ukraine,297.295,360.89,45287000.0,499000000000.0
2014,Europe & Central Asia,Ukraine,257.58799999999997,331.75,45112000.0,464000000000.0
2015,Europe & Central Asia,Ukraine,223.91,282.2,44922000.0,419000000000.0
2016,Europe & Central Asia,Ukraine,234.204,283.72,44714000.0,429000000000.0
2000,Europe & Central Asia,United Kingdom,567.186,679.53,58923000.0,2030000000000.0
2001,Europe & Central Asia,United Kingdom,575.989,687.32,59124000.0,2090000000000.0
2002,Europe & Central Asia,United Kingdom,560.056,668.26,59326000.0,2110000000000.0
2003,Europe & Central Asia,United Kingdom,571.521,677.15,59561000.0,2120000000000.0
2004,Europe & Central Asia,United Kingdom,573.008,670.8,59873000.0,2190000000000.0
2005,Europe & Central Asia,United Kingdom,569.7,664.4,60288000.0,2290000000000.0
2006,Europe & Central Asia,United Kingdom,567.236,661.66,60821000.0,2340000000000.0
2007,Europe & Central Asia,United Kingdom,558.9590000000001,645.62,61455000.0,2340000000000.0
2008,Europe & Central Asia,United Kingdom,544.5409999999999,624.23,62145000.0,2340000000000.0
2009,Europe & Central Asia,United Kingdom,494.065,568.84,62829000.0,2230000000000.0
2010,Europe & Central Asia,United Kingdom,511.83099999999996,581.78,63460000.0,2210000000000.0
2011,Europe & Central Asia,United Kingdom,469.60900000000004,538.11,64022000.0,2220000000000.0
2012,Europe & Central Asia,United Kingdom,487.63300000000004,559.76,64525000.0,2290000000000.0
2013,Europe & Central Asia,United Kingdom,477.751,541.18,64984000.0,2430000000000.0
2014,Europe & Central Asia,United Kingdom,438.874,500.98,65423000.0,2480000000000.0
2015,Europe & Central Asia,United Kingdom,422.413,484.63,65860000.0,2530000000000.0
2016,Europe & Central Asia,United Kingdom,399.839,461.54,66298000.0,2580000000000.0
